{
    "train": 0.04748,
    "test": 0.04648
}